Ticket,Open Time,Action,Size,Symbol,Open Price,Stop Loss,Take Profit,Close Time,Close Price,Commission,Exit Reason,PL,Raw Money Profit,Swap
1,2017-06-07 04:00:00,sell,0.033333333333333326,EURUSD,1.12646,1.13396,1.11146,2017-06-16 04:00:00,1.11459,-0.23,logic_regime_change,39.42,39.57,0.09
2,2017-06-16 04:00:00,buy,0.033333333333333326,EURUSD,1.11459,1.10709,1.12959,2017-06-27 04:00:00,1.11911,-0.23,logic_regime_change,13.92,15.07,-0.92
3,2017-07-07 02:00:00,sell,0.033333333333333326,EURUSD,1.14117,1.14867,1.12617,2017-07-12 04:00:00,1.14867,-0.23,catastrophic_stop_loss,-25.18,-25.0,0.05
4,2017-07-12 07:00:00,sell,0.033333333333333326,EURUSD,1.1459,1.1534,1.1309,2017-07-17 04:00:00,1.14635,-0.23,logic_regime_change,-1.68,-1.5,0.05
5,2017-08-04 05:00:00,sell,0.033333333333333326,EURUSD,1.18798,1.19548,1.17298,2017-08-04 14:00:00,1.17298,-0.23,take_profit,49.77,50.0,0.0
6,2017-08-08 15:00:00,sell,0.033333333333333326,EURUSD,1.17387,1.18137,1.15887,2017-08-11 12:00:00,1.18137,-0.23,catastrophic_stop_loss,-25.2,-25.0,0.03
7,2017-08-14 04:00:00,sell,0.033333333333333326,EURUSD,1.18267,1.19017,1.16767,2017-08-15 04:00:00,1.17821,-0.23,logic_regime_change,14.64,14.87,0.01
8,2017-10-12 04:00:00,buy,0.033333333333333326,EURUSD,1.18751,1.18001,1.20251,2017-10-16 02:00:00,1.18001,-0.23,catastrophic_stop_loss,-25.57,-25.0,-0.33
9,2017-10-16 12:00:00,buy,0.033333333333333326,EURUSD,1.18059,1.17309,1.19559,2017-10-18 09:00:00,1.17309,-0.23,catastrophic_stop_loss,-25.4,-25.0,-0.17
10,2017-10-18 14:00:00,buy,0.033333333333333326,EURUSD,1.17646,1.16896,1.19146,2017-10-23 04:00:00,1.17698,-0.23,logic_regime_change,1.08,1.73,-0.42
11,2017-10-23 04:00:00,sell,0.033333333333333326,EURUSD,1.17698,1.18448,1.16198,2017-10-27 07:00:00,1.16198,-0.23,take_profit,49.81,50.0,0.04
12,2017-10-27 15:00:00,sell,0.033333333333333326,EURUSD,1.15804,1.16554,1.14304,2017-10-30 19:00:00,1.16554,-0.23,catastrophic_stop_loss,-25.2,-25.0,0.03
13,2017-10-31 04:00:00,sell,0.033333333333333326,EURUSD,1.16366,1.17116,1.14866,2017-11-01 04:00:00,1.16316,-0.23,logic_regime_change,1.44,1.67,0.01
14,2017-11-10 05:00:00,sell,0.033333333333333326,EURUSD,1.16441,1.17191,1.14941,2017-11-14 09:00:00,1.17191,-0.23,catastrophic_stop_loss,-25.19,-25.0,0.04
15,2017-11-15 03:00:00,sell,0.033333333333333326,EURUSD,1.17933,1.18683,1.16433,2017-11-21 05:00:00,1.17388,-0.23,logic_regime_change,17.99,18.17,0.06
16,2017-11-21 05:00:00,buy,0.033333333333333326,EURUSD,1.17388,1.16638,1.18888,2017-11-24 13:00:00,1.18888,-0.23,take_profit,49.52,50.0,-0.25
17,2017-11-29 04:00:00,buy,0.033333333333333326,EURUSD,1.18538,1.17788,1.20038,2017-11-30 05:00:00,1.18621,-0.23,logic_regime_change,2.45,2.77,-0.08
18,2017-12-11 05:00:00,buy,0.033333333333333326,EURUSD,1.17787,1.17037,1.19287,2017-12-20 05:00:00,1.18414,-0.23,logic_regime_change,19.92,20.9,-0.75
19,2018-02-09 17:00:00,sell,0.033333333333333326,EURUSD,1.22258,1.23008,1.20758,2018-02-12 23:00:00,1.23008,-0.23,catastrophic_stop_loss,-25.2,-25.0,0.03
20,2018-02-13 22:00:00,sell,0.033333333333333326,EURUSD,1.23503,1.24253,1.22003,2018-02-14 18:00:00,1.24253,-0.23,catastrophic_stop_loss,-25.22,-25.0,0.01
21,2018-02-15 12:00:00,sell,0.033333333333333326,EURUSD,1.2472,1.2547,1.2322,2018-02-16 04:00:00,1.2547,-0.23,catastrophic_stop_loss,-25.22,-25.0,0.01
22,2018-02-16 09:00:00,sell,0.033333333333333326,EURUSD,1.25337,1.26087,1.23837,2018-02-19 13:00:00,1.23837,-0.23,take_profit,49.8,50.0,0.03
23,2018-02-19 14:00:00,sell,0.033333333333333326,EURUSD,1.23729,1.24479,1.22229,2018-02-20 07:00:00,1.2378,-0.23,logic_regime_change,-1.92,-1.7,0.01
24,2018-05-02 20:00:00,sell,0.033333333333333326,EURUSD,1.19398,1.20148,1.17898,2018-05-02 22:00:00,1.1956,-0.23,logic_regime_change,-5.63,-5.4,0.0
25,2018-05-09 07:00:00,sell,0.033333333333333326,EURUSD,1.18274,1.19024,1.16774,2018-05-10 12:00:00,1.19024,-0.23,catastrophic_stop_loss,-25.22,-25.0,0.01
26,2018-05-11 03:00:00,sell,0.033333333333333326,EURUSD,1.19149,1.19899,1.17649,2018-05-14 09:00:00,1.19899,-0.23,catastrophic_stop_loss,-25.2,-25.0,0.03
27,2018-05-14 15:00:00,sell,0.033333333333333326,EURUSD,1.19687,1.20437,1.18187,2018-05-15 22:00:00,1.18187,-0.23,take_profit,49.78,50.0,0.01
28,2018-05-16 12:00:00,sell,0.033333333333333326,EURUSD,1.17871,1.18621,1.16371,2018-05-18 06:00:00,1.18112,-0.23,logic_regime_change,-8.25,-8.03,0.02
29,2018-05-23 08:00:00,sell,0.033333333333333326,EURUSD,1.17117,1.17867,1.15617,2018-05-23 14:00:00,1.17058,-0.23,logic_regime_change,1.73,1.97,0.0
30,2018-05-25 12:00:00,sell,0.033333333333333326,EURUSD,1.16687,1.17437,1.15187,2018-05-25 15:00:00,1.16554,-0.23,logic_regime_change,4.2,4.43,0.0
31,2018-05-29 06:00:00,buy,0.033333333333333326,EURUSD,1.16306,1.15556,1.17806,2018-05-29 08:00:00,1.15556,-0.23,catastrophic_stop_loss,-25.23,-25.0,-0.0
32,2018-05-29 22:00:00,buy,0.033333333333333326,EURUSD,1.15429,1.14679,1.16929,2018-05-31 06:00:00,1.16929,-0.23,take_profit,49.6,50.0,-0.17
33,2018-05-31 08:00:00,buy,0.033333333333333326,EURUSD,1.17119,1.16369,1.18619,2018-06-01 14:00:00,1.16369,-0.23,catastrophic_stop_loss,-25.32,-25.0,-0.08
34,2018-06-04 02:00:00,buy,0.033333333333333326,EURUSD,1.16895,1.16145,1.18395,2018-06-07 12:00:00,1.18395,-0.23,take_profit,49.52,50.0,-0.25
35,2018-06-08 19:00:00,buy,0.033333333333333326,EURUSD,1.17698,1.16948,1.19198,2018-06-14 12:00:00,1.16948,-0.23,catastrophic_stop_loss,-25.73,-25.0,-0.5
36,2018-06-15 06:00:00,buy,0.033333333333333326,EURUSD,1.15614,1.14864,1.17114,2018-06-18 06:00:00,1.15932,-0.23,logic_regime_change,10.12,10.6,-0.25
37,2018-06-27 09:00:00,sell,0.033333333333333326,EURUSD,1.16277,1.17027,1.14777,2018-07-05 06:00:00,1.17027,-0.23,catastrophic_stop_loss,-25.15,-25.0,0.08
38,2018-07-05 18:00:00,sell,0.033333333333333326,EURUSD,1.16771,1.17521,1.15271,2018-07-06 06:00:00,1.17003,-0.23,logic_regime_change,-7.96,-7.73,0.01
39,2018-07-11 17:00:00,sell,0.033333333333333326,EURUSD,1.16996,1.17746,1.15496,2018-07-11 18:00:00,1.16735,-0.23,logic_regime_change,8.47,8.7,0.0
40,2018-10-03 07:00:00,buy,0.033333333333333326,EURUSD,1.15824,1.15074,1.17324,2018-10-03 20:00:00,1.15074,-0.23,catastrophic_stop_loss,-25.23,-25.0,-0.0
41,2018-10-04 08:00:00,buy,0.033333333333333326,EURUSD,1.14935,1.14185,1.16435,2018-10-12 07:00:00,1.15913,-0.23,logic_regime_change,31.7,32.6,-0.67
42,2018-10-23 07:00:00,sell,0.033333333333333326,EURUSD,1.14658,1.15408,1.13158,2018-10-31 13:00:00,1.13158,-0.23,take_profit,49.85,50.0,0.08
43,2018-12-20 14:00:00,buy,0.033333333333333326,EURUSD,1.14463,1.13713,1.15963,2018-12-21 18:00:00,1.13713,-0.23,catastrophic_stop_loss,-25.32,-25.0,-0.08
44,2018-12-24 04:00:00,buy,0.033333333333333326,EURUSD,1.13897,1.13147,1.15397,2019-01-02 22:00:00,1.13147,-0.23,catastrophic_stop_loss,-25.98,-25.0,-0.75
45,2019-01-03 03:00:00,buy,0.033333333333333326,EURUSD,1.13582,1.12832,1.15082,2019-01-04 16:00:00,1.14105,-0.23,logic_regime_change,17.12,17.43,-0.08
46,2019-01-07 00:00:00,buy,0.033333333333333326,EURUSD,1.14102,1.13352,1.15602,2019-01-09 15:00:00,1.15242,-0.23,logic_regime_change,37.6,38.0,-0.17
47,2019-01-09 16:00:00,buy,0.033333333333333326,EURUSD,1.15104,1.14354,1.16604,2019-01-11 15:00:00,1.14698,-0.23,logic_regime_change,-13.93,-13.53,-0.17
48,2019-01-14 06:00:00,buy,0.033333333333333326,EURUSD,1.14785,1.14035,1.16285,2019-01-15 16:00:00,1.14035,-0.23,catastrophic_stop_loss,-25.32,-25.0,-0.08
49,2019-01-16 01:00:00,buy,0.033333333333333326,EURUSD,1.14109,1.13359,1.15609,2019-01-24 11:00:00,1.13359,-0.23,catastrophic_stop_loss,-25.9,-25.0,-0.67
50,2019-01-25 03:00:00,buy,0.033333333333333326,EURUSD,1.13203,1.12453,1.14703,2019-01-30 19:00:00,1.14703,-0.23,take_profit,49.35,50.0,-0.42
51,2019-01-31 02:00:00,buy,0.033333333333333326,EURUSD,1.14932,1.14182,1.16432,2019-02-05 08:00:00,1.14182,-0.23,catastrophic_stop_loss,-25.65,-25.0,-0.42
52,2019-02-06 01:00:00,buy,0.033333333333333326,EURUSD,1.14066,1.13316,1.15566,2019-02-07 11:00:00,1.13316,-0.23,catastrophic_stop_loss,-25.32,-25.0,-0.08
53,2019-02-07 16:00:00,buy,0.033333333333333326,EURUSD,1.13566,1.12816,1.15066,2019-02-11 15:00:00,1.12816,-0.23,catastrophic_stop_loss,-25.57,-25.0,-0.33
54,2019-03-13 14:00:00,buy,0.033333333333333326,EURUSD,1.13076,1.12326,1.14576,2019-03-13 19:00:00,1.13293,-0.23,logic_regime_change,7.0,7.23,-0.0
55,2019-03-13 20:00:00,buy,0.033333333333333326,EURUSD,1.13336,1.12586,1.14836,2019-03-15 14:00:00,1.133,-0.23,logic_regime_change,-1.6,-1.2,-0.17
56,2019-03-18 03:00:00,buy,0.033333333333333326,EURUSD,1.13326,1.12576,1.14826,2019-03-20 19:00:00,1.14458,-0.23,logic_regime_change,37.33,37.73,-0.17
57,2019-03-21 02:00:00,buy,0.033333333333333326,EURUSD,1.14315,1.13565,1.15815,2019-03-21 15:00:00,1.13714,-0.23,logic_regime_change,-20.27,-20.03,-0.0
58,2019-04-11 00:00:00,buy,0.033333333333333326,EURUSD,1.12761,1.12011,1.14261,2019-04-22 00:00:00,1.12443,-0.23,logic_regime_change,-11.75,-10.6,-0.92
59,2019-05-01 10:00:00,buy,0.033333333333333326,EURUSD,1.12346,1.11596,1.13846,2019-05-03 07:00:00,1.11596,-0.23,catastrophic_stop_loss,-25.4,-25.0,-0.17
60,2019-05-03 08:00:00,buy,0.033333333333333326,EURUSD,1.11679,1.10929,1.13179,2019-06-07 12:00:00,1.13179,-0.23,take_profit,46.85,50.0,-2.92
61,2019-06-07 13:00:00,buy,0.033333333333333326,EURUSD,1.13171,1.12421,1.14671,2019-06-10 00:00:00,1.13193,-0.23,logic_regime_change,0.25,0.73,-0.25
62,2019-06-28 03:00:00,sell,0.033333333333333326,EURUSD,1.13688,1.14438,1.12188,2019-07-05 13:00:00,1.12188,-0.23,take_profit,49.84,50.0,0.07
63,2019-07-09 09:00:00,sell,0.033333333333333326,EURUSD,1.1199,1.1274,1.1049,2019-07-11 03:00:00,1.1274,-0.23,catastrophic_stop_loss,-25.21,-25.0,0.02
64,2019-07-11 09:00:00,sell,0.033333333333333326,EURUSD,1.12735,1.13485,1.11235,2019-07-18 00:00:00,1.12271,-0.23,logic_regime_change,15.3,15.47,0.07
65,2019-08-16 04:00:00,buy,0.033333333333333326,EURUSD,1.11028,1.10278,1.12528,2019-08-30 14:00:00,1.10278,-0.23,catastrophic_stop_loss,-26.4,-25.0,-1.17
66,2019-09-02 02:00:00,buy,0.033333333333333326,EURUSD,1.09909,1.09159,1.11409,2019-09-12 14:00:00,1.10353,-0.23,logic_regime_change,13.73,14.8,-0.83
67,2019-09-12 14:00:00,sell,0.033333333333333326,EURUSD,1.10353,1.11103,1.08853,2019-09-12 18:00:00,1.10673,-0.23,logic_regime_change,-10.9,-10.67,0.0
68,2019-09-12 18:00:00,buy,0.033333333333333326,EURUSD,1.10673,1.09923,1.12173,2019-09-17 06:00:00,1.09923,-0.23,catastrophic_stop_loss,-25.65,-25.0,-0.42
69,2019-09-19 07:00:00,buy,0.033333333333333326,EURUSD,1.10451,1.09701,1.11951,2019-09-23 07:00:00,1.09701,-0.23,catastrophic_stop_loss,-25.57,-25.0,-0.33
70,2019-09-23 17:00:00,buy,0.033333333333333326,EURUSD,1.09873,1.09123,1.11373,2019-09-26 19:00:00,1.09123,-0.23,catastrophic_stop_loss,-25.48,-25.0,-0.25
71,2019-09-27 03:00:00,buy,0.033333333333333326,EURUSD,1.09194,1.08444,1.10694,2019-10-01 15:00:00,1.0916,-0.23,logic_regime_change,-1.7,-1.13,-0.33
72,2019-10-01 16:00:00,buy,0.033333333333333326,EURUSD,1.09313,1.08563,1.10813,2019-10-04 00:00:00,1.09746,-0.23,logic_regime_change,13.95,14.43,-0.25
73,2019-10-15 00:00:00,sell,0.033333333333333326,EURUSD,1.1026,1.1101,1.0876,2019-10-17 09:00:00,1.1101,-0.23,catastrophic_stop_loss,-25.21,-25.0,0.02
74,2019-10-17 22:00:00,sell,0.033333333333333326,EURUSD,1.1127,1.1202,1.0977,2019-10-24 00:00:00,1.11321,-0.23,logic_regime_change,-1.86,-1.7,0.07
75,2019-10-24 00:00:00,buy,0.033333333333333326,EURUSD,1.11321,1.10571,1.12821,2019-10-24 13:00:00,1.11494,-0.23,logic_regime_change,5.53,5.77,-0.0
76,2019-10-24 14:00:00,sell,0.033333333333333326,EURUSD,1.11163,1.11913,1.09663,2019-10-24 20:00:00,1.10999,-0.23,logic_regime_change,5.23,5.47,0.0
77,2019-10-25 06:00:00,buy,0.033333333333333326,EURUSD,1.11089,1.10339,1.12589,2019-11-01 13:00:00,1.11316,-0.23,logic_regime_change,6.75,7.57,-0.58
78,2019-11-01 13:00:00,sell,0.033333333333333326,EURUSD,1.11316,1.12066,1.09816,2019-11-01 19:00:00,1.11633,-0.23,logic_regime_change,-10.8,-10.57,0.0
79,2019-11-01 19:00:00,buy,0.033333333333333326,EURUSD,1.11633,1.10883,1.13133,2019-11-04 01:00:00,1.11604,-0.23,logic_regime_change,-1.45,-0.97,-0.25
80,2019-11-13 01:00:00,sell,0.033333333333333326,EURUSD,1.10091,1.10841,1.08591,2019-11-18 16:00:00,1.10841,-0.23,catastrophic_stop_loss,-25.18,-25.0,0.05
81,2019-11-18 22:00:00,sell,0.033333333333333326,EURUSD,1.10712,1.11462,1.09212,2019-11-22 01:00:00,1.10627,-0.23,logic_regime_change,2.64,2.83,0.04
82,2020-01-03 03:00:00,buy,0.033333333333333326,EURUSD,1.11726,1.10976,1.13226,2020-01-09 10:00:00,1.10976,-0.23,catastrophic_stop_loss,-25.73,-25.0,-0.5
83,2020-01-10 16:00:00,buy,0.033333333333333326,EURUSD,1.11129,1.10379,1.12629,2020-01-14 01:00:00,1.11385,-0.23,logic_regime_change,7.97,8.53,-0.33
84,2020-02-03 02:00:00,buy,0.033333333333333326,EURUSD,1.10831,1.10081,1.12331,2020-02-03 15:00:00,1.10474,-0.23,logic_regime_change,-12.13,-11.9,-0.0
85,2020-02-04 23:00:00,buy,0.033333333333333326,EURUSD,1.10446,1.09696,1.11946,2020-02-05 10:00:00,1.10254,-0.23,logic_regime_change,-6.72,-6.4,-0.08
86,2020-02-06 02:00:00,buy,0.033333333333333326,EURUSD,1.09981,1.09231,1.11481,2020-02-06 15:00:00,1.09882,-0.23,logic_regime_change,-3.53,-3.3,-0.0
87,2020-02-07 00:00:00,buy,0.033333333333333326,EURUSD,1.09809,1.09059,1.11309,2020-02-07 13:00:00,1.09642,-0.23,logic_regime_change,-5.8,-5.57,-0.0
88,2020-02-10 00:00:00,buy,0.033333333333333326,EURUSD,1.09489,1.08739,1.10989,2020-02-10 14:00:00,1.09327,-0.23,logic_regime_change,-5.63,-5.4,-0.0
89,2020-02-11 03:00:00,buy,0.033333333333333326,EURUSD,1.09142,1.08392,1.10642,2020-02-11 15:00:00,1.09201,-0.23,logic_regime_change,1.73,1.97,-0.0
90,2020-02-11 20:00:00,buy,0.033333333333333326,EURUSD,1.09216,1.08466,1.10716,2020-02-13 15:00:00,1.08466,-0.23,catastrophic_stop_loss,-25.4,-25.0,-0.17
91,2020-02-14 03:00:00,buy,0.033333333333333326,EURUSD,1.08369,1.07619,1.09869,2020-02-21 01:00:00,1.07902,-0.23,logic_regime_change,-16.38,-15.57,-0.58
92,2020-03-03 01:00:00,sell,0.033333333333333326,EURUSD,1.11326,1.12076,1.09826,2020-03-03 15:00:00,1.12076,-0.23,catastrophic_stop_loss,-25.23,-25.0,0.0
93,2020-03-04 02:00:00,sell,0.033333333333333326,EURUSD,1.11665,1.12415,1.10165,2020-03-04 13:00:00,1.11121,-0.23,logic_regime_change,17.9,18.13,0.0
94,2020-03-04 15:00:00,sell,0.033333333333333326,EURUSD,1.11183,1.11933,1.09683,2020-03-04 16:00:00,1.11394,-0.23,logic_regime_change,-7.27,-7.03,0.0
95,2020-03-04 19:00:00,sell,0.033333333333333326,EURUSD,1.11314,1.12064,1.09814,2020-03-05 17:00:00,1.12064,-0.23,catastrophic_stop_loss,-25.22,-25.0,0.01
96,2020-03-06 06:00:00,sell,0.033333333333333326,EURUSD,1.12283,1.13033,1.10783,2020-03-06 10:00:00,1.13033,-0.23,catastrophic_stop_loss,-25.23,-25.0,0.0
97,2020-03-08 22:00:00,sell,0.033333333333333326,EURUSD,1.13456,1.14206,1.11956,2020-03-08 23:00:00,1.13868,-0.23,logic_regime_change,-13.97,-13.73,0.0
98,2020-03-09 23:00:00,sell,0.033333333333333326,EURUSD,1.14383,1.15133,1.12883,2020-03-10 02:00:00,1.14067,-0.23,logic_regime_change,10.31,10.53,0.01
99,2020-03-10 07:00:00,sell,0.033333333333333326,EURUSD,1.134,1.1415,1.119,2020-03-10 08:00:00,1.13817,-0.23,logic_regime_change,-14.13,-13.9,0.0
100,2020-03-10 14:00:00,sell,0.033333333333333326,EURUSD,1.13721,1.14471,1.12221,2020-03-10 17:00:00,1.1306,-0.23,logic_regime_change,21.8,22.03,0.0
101,2020-03-10 19:00:00,sell,0.033333333333333326,EURUSD,1.12925,1.13675,1.11425,2020-03-11 08:00:00,1.13286,-0.23,logic_regime_change,-12.26,-12.03,0.01
102,2020-03-11 17:00:00,sell,0.033333333333333326,EURUSD,1.12686,1.13436,1.11186,2020-03-11 18:00:00,1.12846,-0.23,logic_regime_change,-5.57,-5.33,0.0
103,2020-03-11 20:00:00,sell,0.033333333333333326,EURUSD,1.12727,1.13477,1.11227,2020-03-12 01:00:00,1.12715,-0.23,logic_regime_change,0.18,0.4,0.01
104,2020-03-23 21:00:00,sell,0.033333333333333326,EURUSD,1.07228,1.07978,1.05728,2020-03-24 00:00:00,1.07978,-0.23,catastrophic_stop_loss,-25.22,-25.0,0.01
105,2020-03-24 15:00:00,sell,0.033333333333333326,EURUSD,1.07844,1.08594,1.06344,2020-03-25 17:00:00,1.08594,-0.23,catastrophic_stop_loss,-25.22,-25.0,0.01
106,2020-03-27 01:00:00,sell,0.033333333333333326,EURUSD,1.10375,1.11125,1.08875,2020-03-27 18:00:00,1.11125,-0.23,catastrophic_stop_loss,-25.23,-25.0,0.0
107,2020-03-30 03:00:00,sell,0.033333333333333326,EURUSD,1.10931,1.11681,1.09431,2020-03-31 11:00:00,1.09431,-0.23,take_profit,49.78,50.0,0.01
108,2020-04-01 01:00:00,buy,0.033333333333333326,EURUSD,1.10316,1.09566,1.11816,2020-04-01 08:00:00,1.09566,-0.23,catastrophic_stop_loss,-25.23,-25.0,-0.0
109,2020-04-01 21:00:00,buy,0.033333333333333326,EURUSD,1.09619,1.08869,1.11119,2020-04-02 12:00:00,1.08869,-0.23,catastrophic_stop_loss,-25.32,-25.0,-0.08
110,2020-04-03 02:00:00,buy,0.033333333333333326,EURUSD,1.08533,1.07783,1.10033,2020-04-03 12:00:00,1.07783,-0.23,catastrophic_stop_loss,-25.23,-25.0,-0.0
111,2020-04-03 16:00:00,buy,0.033333333333333326,EURUSD,1.07978,1.07228,1.09478,2020-04-09 17:00:00,1.09478,-0.23,take_profit,49.27,50.0,-0.5
112,2020-04-14 01:00:00,buy,0.033333333333333326,EURUSD,1.09231,1.08481,1.10731,2020-04-14 02:00:00,1.09373,-0.23,logic_regime_change,4.5,4.73,-0.0
113,2020-04-14 03:00:00,buy,0.033333333333333326,EURUSD,1.09471,1.08721,1.10971,2020-04-14 06:00:00,1.09388,-0.23,logic_regime_change,-3.0,-2.77,-0.0
114,2020-04-14 08:00:00,buy,0.033333333333333326,EURUSD,1.09317,1.08567,1.10817,2020-04-14 10:00:00,1.09461,-0.23,logic_regime_change,4.57,4.8,-0.0
115,2020-04-15 00:00:00,buy,0.033333333333333326,EURUSD,1.09832,1.09082,1.11332,2020-04-15 08:00:00,1.09297,-0.23,logic_regime_change,-18.07,-17.83,-0.0
116,2020-04-15 22:00:00,buy,0.033333333333333326,EURUSD,1.09089,1.08339,1.10589,2020-04-16 01:00:00,1.0886,-0.23,logic_regime_change,-7.95,-7.63,-0.08
117,2020-04-17 04:00:00,buy,0.033333333333333326,EURUSD,1.08666,1.07916,1.10166,2020-04-17 07:00:00,1.0854,-0.23,logic_regime_change,-4.43,-4.2,-0.0
118,2020-04-19 23:00:00,buy,0.033333333333333326,EURUSD,1.08678,1.07928,1.10178,2020-04-20 06:00:00,1.08554,-0.23,logic_regime_change,-4.45,-4.13,-0.08
119,2020-04-21 01:00:00,sell,0.033333333333333326,EURUSD,1.08565,1.09315,1.07065,2020-04-30 14:00:00,1.09315,-0.23,catastrophic_stop_loss,-25.14,-25.0,0.09
120,2020-05-01 03:00:00,sell,0.033333333333333326,EURUSD,1.09445,1.10195,1.07945,2020-05-06 08:00:00,1.07945,-0.23,take_profit,49.82,50.0,0.05
121,2020-05-06 09:00:00,sell,0.033333333333333326,EURUSD,1.08022,1.08772,1.06522,2020-05-12 13:00:00,1.08772,-0.23,catastrophic_stop_loss,-25.17,-25.0,0.06
122,2020-05-12 23:00:00,sell,0.033333333333333326,EURUSD,1.08518,1.09268,1.07018,2020-05-18 17:00:00,1.09268,-0.23,catastrophic_stop_loss,-25.17,-25.0,0.06
123,2020-05-19 04:00:00,sell,0.033333333333333326,EURUSD,1.09085,1.09835,1.07585,2020-05-20 01:00:00,1.09383,-0.23,logic_regime_change,-10.16,-9.93,0.01
124,2020-05-20 12:00:00,buy,0.033333333333333326,EURUSD,1.09643,1.08893,1.11143,2020-05-22 09:00:00,1.08893,-0.23,catastrophic_stop_loss,-25.4,-25.0,-0.17
125,2020-05-22 20:00:00,buy,0.033333333333333326,EURUSD,1.09036,1.08286,1.10536,2020-05-28 14:00:00,1.10536,-0.23,take_profit,49.27,50.0,-0.5
126,2020-06-01 03:00:00,buy,0.033333333333333326,EURUSD,1.11373,1.10623,1.12873,2020-06-04 14:00:00,1.12873,-0.23,take_profit,49.52,50.0,-0.25
127,2020-06-05 07:00:00,buy,0.033333333333333326,EURUSD,1.13733,1.12983,1.15233,2020-06-05 12:00:00,1.12983,-0.23,catastrophic_stop_loss,-25.23,-25.0,-0.0
128,2020-06-08 10:00:00,buy,0.033333333333333326,EURUSD,1.12968,1.12218,1.14468,2020-06-09 02:00:00,1.12925,-0.23,logic_regime_change,-1.75,-1.43,-0.08
129,2020-06-09 04:00:00,sell,0.033333333333333326,EURUSD,1.12874,1.13624,1.11374,2020-06-09 15:00:00,1.13624,-0.23,catastrophic_stop_loss,-25.23,-25.0,0.0
130,2020-06-10 05:00:00,sell,0.033333333333333326,EURUSD,1.13428,1.14178,1.11928,2020-06-10 18:00:00,1.14178,-0.23,catastrophic_stop_loss,-25.23,-25.0,0.0
131,2020-06-10 22:00:00,sell,0.033333333333333326,EURUSD,1.13752,1.14502,1.12252,2020-06-12 17:00:00,1.12252,-0.23,take_profit,49.79,50.0,0.02
132,2020-06-16 09:00:00,sell,0.033333333333333326,EURUSD,1.13363,1.14113,1.11863,2020-06-18 02:00:00,1.12354,-0.23,logic_regime_change,33.42,33.63,0.02
133,2020-06-19 16:00:00,sell,0.033333333333333326,EURUSD,1.11883,1.12633,1.10383,2020-06-19 18:00:00,1.11884,-0.23,logic_regime_change,-0.27,-0.03,0.0
134,2020-06-29 02:00:00,buy,0.033333333333333326,EURUSD,1.12347,1.11597,1.13847,2020-07-08 02:00:00,1.1272,-0.23,logic_regime_change,11.45,12.43,-0.75
135,2020-07-09 15:00:00,sell,0.033333333333333326,EURUSD,1.12954,1.13704,1.11454,2020-07-09 16:00:00,1.12977,-0.23,logic_regime_change,-1.0,-0.77,0.0
136,2020-07-17 02:00:00,sell,0.033333333333333326,EURUSD,1.13812,1.14562,1.12312,2020-07-20 06:00:00,1.14562,-0.23,catastrophic_stop_loss,-25.2,-25.0,0.03
137,2020-07-20 13:00:00,sell,0.033333333333333326,EURUSD,1.14183,1.14933,1.12683,2020-07-21 15:00:00,1.14933,-0.23,catastrophic_stop_loss,-25.22,-25.0,0.01
138,2020-07-22 07:00:00,sell,0.033333333333333326,EURUSD,1.15315,1.16065,1.13815,2020-07-23 14:00:00,1.16065,-0.23,catastrophic_stop_loss,-25.22,-25.0,0.01
139,2020-07-23 21:00:00,sell,0.033333333333333326,EURUSD,1.15914,1.16664,1.14414,2020-07-27 00:00:00,1.16664,-0.23,catastrophic_stop_loss,-25.19,-25.0,0.04
140,2020-07-27 20:00:00,sell,0.033333333333333326,EURUSD,1.17453,1.18203,1.15953,2020-07-28 02:00:00,1.17584,-0.23,logic_regime_change,-4.59,-4.37,0.01
141,2020-08-06 02:00:00,sell,0.033333333333333326,EURUSD,1.18721,1.19471,1.17221,2020-08-11 00:00:00,1.17221,-0.23,take_profit,49.82,50.0,0.05
142,2020-08-11 19:00:00,sell,0.033333333333333326,EURUSD,1.17453,1.18203,1.15953,2020-08-13 06:00:00,1.18203,-0.23,catastrophic_stop_loss,-25.21,-25.0,0.02
143,2020-08-13 16:00:00,sell,0.033333333333333326,EURUSD,1.18178,1.18928,1.16678,2020-08-17 02:00:00,1.18464,-0.23,logic_regime_change,-9.73,-9.53,0.04
144,2020-08-17 02:00:00,buy,0.033333333333333326,EURUSD,1.18464,1.17714,1.19964,2020-08-21 12:00:00,1.17714,-0.23,catastrophic_stop_loss,-25.57,-25.0,-0.33
145,2020-08-23 22:00:00,buy,0.033333333333333326,EURUSD,1.17951,1.17201,1.19451,2020-08-26 02:00:00,1.18325,-0.23,logic_regime_change,11.98,12.47,-0.25
146,2020-08-26 03:00:00,sell,0.033333333333333326,EURUSD,1.18196,1.18946,1.16696,2020-08-27 13:00:00,1.18946,-0.23,catastrophic_stop_loss,-25.22,-25.0,0.01
147,2020-08-28 18:00:00,sell,0.033333333333333326,EURUSD,1.18866,1.19616,1.17366,2020-08-31 14:00:00,1.19616,-0.23,catastrophic_stop_loss,-25.2,-25.0,0.03
148,2020-08-31 20:00:00,sell,0.033333333333333326,EURUSD,1.19329,1.20079,1.17829,2020-09-01 13:00:00,1.20079,-0.23,catastrophic_stop_loss,-25.22,-25.0,0.01
149,2020-09-03 05:00:00,sell,0.033333333333333326,EURUSD,1.18103,1.18853,1.16603,2020-09-04 02:00:00,1.18526,-0.23,logic_regime_change,-14.32,-14.1,0.01
150,2020-11-04 01:00:00,sell,0.033333333333333326,EURUSD,1.16896,1.17646,1.15396,2020-11-04 02:00:00,1.16843,-0.23,logic_regime_change,1.53,1.77,0.0
151,2020-11-04 03:00:00,sell,0.033333333333333326,EURUSD,1.1619,1.1694,1.1469,2020-11-04 07:00:00,1.16437,-0.23,logic_regime_change,-8.47,-8.23,0.0
152,2020-11-13 03:00:00,sell,0.033333333333333326,EURUSD,1.18046,1.18796,1.16546,2020-11-17 11:00:00,1.18796,-0.23,catastrophic_stop_loss,-25.19,-25.0,0.04
153,2020-11-17 17:00:00,sell,0.033333333333333326,EURUSD,1.18613,1.19363,1.17113,2020-11-26 06:00:00,1.19363,-0.23,catastrophic_stop_loss,-25.14,-25.0,0.09
154,2020-11-26 09:00:00,sell,0.033333333333333326,EURUSD,1.19154,1.19904,1.17654,2020-11-30 12:00:00,1.19904,-0.23,catastrophic_stop_loss,-25.19,-25.0,0.04
155,2020-11-30 13:00:00,sell,0.033333333333333326,EURUSD,1.19763,1.20513,1.18263,2020-12-01 16:00:00,1.20513,-0.23,catastrophic_stop_loss,-25.22,-25.0,0.01
156,2020-12-02 07:00:00,sell,0.033333333333333326,EURUSD,1.20652,1.21402,1.19152,2020-12-03 12:00:00,1.21402,-0.23,catastrophic_stop_loss,-25.22,-25.0,0.01
157,2020-12-03 19:00:00,sell,0.033333333333333326,EURUSD,1.21392,1.22142,1.19892,2020-12-11 03:00:00,1.21574,-0.23,logic_regime_change,-6.22,-6.07,0.08
158,2021-01-04 03:00:00,buy,0.033333333333333326,EURUSD,1.22544,1.21794,1.24044,2021-01-11 01:00:00,1.21794,-0.23,catastrophic_stop_loss,-25.82,-25.0,-0.58
159,2021-01-11 09:00:00,buy,0.033333333333333326,EURUSD,1.21905,1.21155,1.23405,2021-01-13 03:00:00,1.22128,-0.23,logic_regime_change,7.03,7.43,-0.17
160,2021-02-02 03:00:00,buy,0.033333333333333326,EURUSD,1.20834,1.20084,1.22334,2021-02-03 12:00:00,1.20084,-0.23,catastrophic_stop_loss,-25.32,-25.0,-0.08
161,2021-02-03 18:00:00,buy,0.033333333333333326,EURUSD,1.20267,1.19517,1.21767,2021-02-11 03:00:00,1.21201,-0.23,logic_regime_change,30.23,31.13,-0.67
162,2021-03-17 19:00:00,buy,0.033333333333333326,EURUSD,1.19773,1.19023,1.21273,2021-03-17 20:00:00,1.19771,-0.23,logic_regime_change,-0.3,-0.07,-0.0
163,2021-04-01 08:00:00,buy,0.033333333333333326,EURUSD,1.17412,1.16662,1.18912,2021-04-07 10:00:00,1.18912,-0.23,take_profit,49.27,50.0,-0.5
164,2021-04-08 13:00:00,buy,0.033333333333333326,EURUSD,1.18926,1.18176,1.20426,2021-04-19 10:00:00,1.20426,-0.23,take_profit,48.85,50.0,-0.92
165,2021-04-20 04:00:00,buy,0.033333333333333326,EURUSD,1.20667,1.19917,1.22167,2021-04-30 02:00:00,1.21214,-0.23,logic_regime_change,17.17,18.23,-0.83
166,2021-07-28 19:00:00,buy,0.033333333333333326,EURUSD,1.18387,1.17637,1.19887,2021-08-06 14:00:00,1.17637,-0.23,catastrophic_stop_loss,-25.98,-25.0,-0.75
167,2021-08-09 03:00:00,buy,0.033333333333333326,EURUSD,1.17598,1.16848,1.19098,2021-08-17 02:00:00,1.17738,-0.23,logic_regime_change,3.77,4.67,-0.67
168,2021-08-17 02:00:00,sell,0.033333333333333326,EURUSD,1.17738,1.18488,1.16238,2021-09-01 14:00:00,1.18488,-0.23,catastrophic_stop_loss,-25.08,-25.0,0.15
169,2021-09-02 00:00:00,sell,0.033333333333333326,EURUSD,1.18408,1.19158,1.16908,2021-09-06 02:00:00,1.18774,-0.23,logic_regime_change,-12.39,-12.2,0.04
170,2021-09-06 18:00:00,buy,0.033333333333333326,EURUSD,1.18688,1.17938,1.20188,2021-09-13 05:00:00,1.17938,-0.23,catastrophic_stop_loss,-25.82,-25.0,-0.58
171,2021-09-13 15:00:00,buy,0.033333333333333326,EURUSD,1.18097,1.17347,1.19597,2021-09-15 02:00:00,1.18084,-0.23,logic_regime_change,-0.83,-0.43,-0.17
172,2021-09-24 02:00:00,buy,0.033333333333333326,EURUSD,1.17389,1.16639,1.18889,2021-09-29 07:00:00,1.16639,-0.23,catastrophic_stop_loss,-25.65,-25.0,-0.42
173,2021-09-30 02:00:00,buy,0.033333333333333326,EURUSD,1.16039,1.15289,1.17539,2021-10-05 02:00:00,1.16032,-0.23,logic_regime_change,-0.88,-0.23,-0.42
174,2021-10-14 02:00:00,buy,0.033333333333333326,EURUSD,1.15899,1.15149,1.17399,2021-11-03 02:00:00,1.15825,-0.23,logic_regime_change,-4.37,-2.47,-1.67
175,2021-11-03 02:00:00,sell,0.033333333333333326,EURUSD,1.15825,1.16575,1.14325,2021-11-12 03:00:00,1.14406,-0.23,logic_regime_change,47.16,47.3,0.09
176,2021-11-12 03:00:00,buy,0.033333333333333326,EURUSD,1.14406,1.13656,1.15906,2021-11-15 20:00:00,1.13656,-0.23,catastrophic_stop_loss,-25.48,-25.0,-0.25
177,2021-11-16 05:00:00,buy,0.033333333333333326,EURUSD,1.13836,1.13086,1.15336,2021-11-17 03:00:00,1.13086,-0.23,catastrophic_stop_loss,-25.32,-25.0,-0.08
178,2021-11-17 08:00:00,buy,0.033333333333333326,EURUSD,1.13028,1.12278,1.14528,2021-11-23 02:00:00,1.12278,-0.23,catastrophic_stop_loss,-25.73,-25.0,-0.5
179,2021-11-24 08:00:00,buy,0.033333333333333326,EURUSD,1.12454,1.11704,1.13954,2021-11-30 16:00:00,1.12597,-0.23,logic_regime_change,4.03,4.77,-0.5
180,2021-11-30 16:00:00,sell,0.033333333333333326,EURUSD,1.12597,1.13347,1.11097,2021-11-30 20:00:00,1.13347,-0.23,catastrophic_stop_loss,-25.23,-25.0,0.0
181,2021-12-01 15:00:00,buy,0.033333333333333326,EURUSD,1.13528,1.12778,1.15028,2021-12-03 15:00:00,1.12778,-0.23,catastrophic_stop_loss,-25.4,-25.0,-0.17
182,2021-12-06 11:00:00,buy,0.033333333333333326,EURUSD,1.12983,1.12233,1.14483,2021-12-15 19:00:00,1.12233,-0.23,catastrophic_stop_loss,-25.98,-25.0,-0.75
183,2021-12-15 20:00:00,buy,0.033333333333333326,EURUSD,1.12725,1.11975,1.14225,2021-12-22 03:00:00,1.12773,-0.23,logic_regime_change,0.78,1.6,-0.58
184,2021-12-22 04:00:00,sell,0.033333333333333326,EURUSD,1.12759,1.13509,1.11259,2021-12-29 15:00:00,1.13509,-0.23,catastrophic_stop_loss,-25.16,-25.0,0.07
185,2021-12-30 05:00:00,sell,0.033333333333333326,EURUSD,1.13326,1.14076,1.11826,2021-12-31 03:00:00,1.13189,-0.23,logic_regime_change,4.34,4.57,0.01
186,2021-12-31 03:00:00,buy,0.033333333333333326,EURUSD,1.13189,1.12439,1.14689,2022-01-13 08:00:00,1.14689,-0.23,take_profit,48.68,50.0,-1.08
187,2022-01-13 10:00:00,buy,0.033333333333333326,EURUSD,1.14714,1.13964,1.16214,2022-01-17 12:00:00,1.13964,-0.23,catastrophic_stop_loss,-25.57,-25.0,-0.33
188,2022-01-17 15:00:00,buy,0.033333333333333326,EURUSD,1.14117,1.13367,1.15617,2022-01-18 16:00:00,1.13367,-0.23,catastrophic_stop_loss,-25.32,-25.0,-0.08
189,2022-01-19 04:00:00,buy,0.033333333333333326,EURUSD,1.13276,1.12526,1.14776,2022-01-26 19:00:00,1.12526,-0.23,catastrophic_stop_loss,-25.82,-25.0,-0.58
190,2022-01-27 22:00:00,buy,0.033333333333333326,EURUSD,1.11454,1.10704,1.12954,2022-02-02 10:00:00,1.12954,-0.23,take_profit,49.27,50.0,-0.5
191,2022-02-03 14:00:00,buy,0.033333333333333326,EURUSD,1.13667,1.12917,1.15167,2022-02-14 15:00:00,1.12917,-0.23,catastrophic_stop_loss,-26.15,-25.0,-0.92
192,2022-02-14 18:00:00,buy,0.033333333333333326,EURUSD,1.13105,1.12355,1.14605,2022-02-18 03:00:00,1.13672,-0.23,logic_regime_change,18.33,18.9,-0.33
193,2022-02-18 12:00:00,sell,0.033333333333333326,EURUSD,1.1362,1.1437,1.1212,2022-02-24 04:00:00,1.1212,-0.23,take_profit,49.83,50.0,0.06
194,2022-02-27 23:00:00,sell,0.033333333333333326,EURUSD,1.11566,1.12316,1.10066,2022-02-28 10:00:00,1.12316,-0.23,catastrophic_stop_loss,-25.22,-25.0,0.01
195,2022-03-01 02:00:00,sell,0.033333333333333326,EURUSD,1.12019,1.12769,1.10519,2022-03-01 03:00:00,1.11965,-0.23,logic_regime_change,1.57,1.8,0.0
196,2022-03-21 03:00:00,buy,0.033333333333333326,EURUSD,1.10491,1.09741,1.11991,2022-03-22 06:00:00,1.09741,-0.23,catastrophic_stop_loss,-25.32,-25.0,-0.08
197,2022-03-22 10:00:00,buy,0.033333333333333326,EURUSD,1.09964,1.09214,1.11464,2022-03-30 02:00:00,1.11044,-0.23,logic_regime_change,35.1,36.0,-0.67
198,2022-04-08 09:00:00,buy,0.033333333333333326,EURUSD,1.08667,1.07917,1.10167,2022-04-14 13:00:00,1.07917,-0.23,catastrophic_stop_loss,-25.73,-25.0,-0.5
199,2022-04-15 08:00:00,buy,0.033333333333333326,EURUSD,1.08118,1.07368,1.09618,2022-04-19 02:00:00,1.0777,-0.23,logic_regime_change,-12.17,-11.6,-0.33
200,2022-04-21 07:00:00,buy,0.033333333333333326,EURUSD,1.09023,1.08273,1.10523,2022-04-21 08:00:00,1.09268,-0.23,logic_regime_change,7.93,8.17,-0.0
201,2022-04-21 12:00:00,buy,0.033333333333333326,EURUSD,1.08803,1.08053,1.10303,2022-04-21 13:00:00,1.08913,-0.23,logic_regime_change,3.43,3.67,-0.0
202,2022-05-18 02:00:00,sell,0.033333333333333326,EURUSD,1.05393,1.06143,1.03893,2022-05-23 08:00:00,1.06143,-0.23,catastrophic_stop_loss,-25.18,-25.0,0.05
203,2022-05-24 00:00:00,sell,0.033333333333333326,EURUSD,1.06836,1.07586,1.05336,2022-05-27 01:00:00,1.07586,-0.23,catastrophic_stop_loss,-25.2,-25.0,0.03
204,2022-05-27 02:00:00,buy,0.033333333333333326,EURUSD,1.07626,1.06876,1.09126,2022-05-31 12:00:00,1.06876,-0.23,catastrophic_stop_loss,-25.57,-25.0,-0.33
205,2022-05-31 18:00:00,buy,0.033333333333333326,EURUSD,1.07379,1.06629,1.08879,2022-06-01 14:00:00,1.06629,-0.23,catastrophic_stop_loss,-25.32,-25.0,-0.08
206,2022-06-02 03:00:00,buy,0.033333333333333326,EURUSD,1.06498,1.05748,1.07998,2022-06-10 11:00:00,1.05748,-0.23,catastrophic_stop_loss,-25.9,-25.0,-0.67
207,2022-06-13 04:00:00,buy,0.033333333333333326,EURUSD,1.04916,1.04166,1.06416,2022-06-13 19:00:00,1.04166,-0.23,catastrophic_stop_loss,-25.23,-25.0,-0.0
208,2022-06-13 23:00:00,buy,0.033333333333333326,EURUSD,1.04074,1.03324,1.05574,2022-06-16 02:00:00,1.04344,-0.23,logic_regime_change,8.52,9.0,-0.25
209,2022-07-05 09:00:00,sell,0.033333333333333326,EURUSD,1.03079,1.03829,1.01579,2022-07-05 10:00:00,1.02954,-0.23,logic_regime_change,3.93,4.17,0.0
210,2022-07-19 08:00:00,buy,0.033333333333333326,EURUSD,1.02414,1.01664,1.03914,2022-07-19 09:00:00,1.02441,-0.23,logic_regime_change,0.67,0.9,-0.0
211,2022-07-19 13:00:00,buy,0.033333333333333326,EURUSD,1.02285,1.01535,1.03785,2022-07-19 14:00:00,1.02415,-0.23,logic_regime_change,4.1,4.33,-0.0
212,2022-07-21 13:00:00,buy,0.033333333333333326,EURUSD,1.02645,1.01895,1.04145,2022-07-21 13:00:00,1.01895,-0.23,catastrophic_stop_loss,-25.23,-25.0,-0.0
213,2022-07-26 02:00:00,buy,0.033333333333333326,EURUSD,1.02411,1.01661,1.03911,2022-07-26 10:00:00,1.01661,-0.23,catastrophic_stop_loss,-25.23,-25.0,-0.0
214,2022-07-27 01:00:00,buy,0.033333333333333326,EURUSD,1.01399,1.00649,1.02899,2022-07-27 19:00:00,1.02008,-0.23,logic_regime_change,20.07,20.3,-0.0
215,2022-07-28 01:00:00,buy,0.033333333333333326,EURUSD,1.01867,1.01117,1.03367,2022-07-28 10:00:00,1.01533,-0.23,logic_regime_change,-11.37,-11.13,-0.0
216,2022-07-28 21:00:00,buy,0.033333333333333326,EURUSD,1.01972,1.01222,1.03472,2022-07-29 11:00:00,1.02405,-0.23,logic_regime_change,14.12,14.43,-0.08
217,2022-07-29 20:00:00,buy,0.033333333333333326,EURUSD,1.02218,1.01468,1.03718,2022-08-03 14:00:00,1.01468,-0.23,catastrophic_stop_loss,-25.65,-25.0,-0.42
218,2022-08-03 20:00:00,buy,0.033333333333333326,EURUSD,1.01696,1.00946,1.03196,2022-08-04 02:00:00,1.01691,-0.23,logic_regime_change,-0.48,-0.17,-0.08
219,2022-08-15 02:00:00,buy,0.033333333333333326,EURUSD,1.02571,1.01821,1.04071,2022-08-15 15:00:00,1.01821,-0.23,catastrophic_stop_loss,-25.23,-25.0,-0.0
220,2022-08-16 02:00:00,buy,0.033333333333333326,EURUSD,1.0157,1.0082,1.0307,2022-08-18 17:00:00,1.0082,-0.23,catastrophic_stop_loss,-25.4,-25.0,-0.17
221,2022-08-19 06:00:00,buy,0.033333333333333326,EURUSD,1.00829,1.00079,1.02329,2022-08-22 07:00:00,1.00079,-0.23,catastrophic_stop_loss,-25.48,-25.0,-0.25
222,2022-08-23 01:00:00,buy,0.033333333333333326,EURUSD,0.99398,0.98648,1.00898,2022-08-24 02:00:00,0.99494,-0.23,logic_regime_change,2.88,3.2,-0.08
223,2022-08-24 15:00:00,buy,0.033333333333333326,EURUSD,0.99899,0.99149,1.01399,2022-08-24 21:00:00,0.99647,-0.23,logic_regime_change,-8.63,-8.4,-0.0
224,2022-08-26 15:00:00,buy,0.033333333333333326,EURUSD,1.00146,0.99396,1.01646,2022-08-26 19:00:00,0.99639,-0.23,logic_regime_change,-17.13,-16.9,-0.0
225,2022-09-02 02:00:00,buy,0.033333333333333326,EURUSD,0.99566,0.98816,1.01066,2022-09-02 17:00:00,0.99695,-0.23,logic_regime_change,4.07,4.3,-0.0
226,2022-09-02 18:00:00,buy,0.033333333333333326,EURUSD,0.99604,0.98854,1.01104,2022-09-05 05:00:00,0.98854,-0.23,catastrophic_stop_loss,-25.48,-25.0,-0.25
227,2022-09-05 10:00:00,buy,0.033333333333333326,EURUSD,0.99237,0.98487,1.00737,2022-09-09 03:00:00,1.00737,-0.23,take_profit,49.43,50.0,-0.33
228,2022-09-12 02:00:00,buy,0.033333333333333326,EURUSD,1.00884,1.00134,1.02384,2022-09-12 10:00:00,1.01469,-0.23,logic_regime_change,19.27,19.5,-0.0
229,2022-09-12 13:00:00,buy,0.033333333333333326,EURUSD,1.01415,1.00665,1.02915,2022-09-13 12:00:00,1.00665,-0.23,catastrophic_stop_loss,-25.32,-25.0,-0.08
230,2022-09-13 13:00:00,sell,0.033333333333333326,EURUSD,1.00375,1.01125,0.98875,2022-09-13 19:00:00,0.99775,-0.23,logic_regime_change,19.77,20.0,0.0
231,2022-09-14 04:00:00,buy,0.033333333333333326,EURUSD,0.99888,0.99138,1.01388,2022-09-21 06:00:00,0.99138,-0.23,catastrophic_stop_loss,-25.82,-25.0,-0.58
232,2022-09-22 06:00:00,buy,0.033333333333333326,EURUSD,0.98246,0.97496,0.99746,2022-09-22 14:00:00,0.98382,-0.23,logic_regime_change,4.3,4.53,-0.0
233,2022-09-22 15:00:00,buy,0.033333333333333326,EURUSD,0.98153,0.97403,0.99653,2022-09-22 16:00:00,0.984,-0.23,logic_regime_change,8.0,8.23,-0.0
234,2022-09-22 17:00:00,buy,0.033333333333333326,EURUSD,0.98397,0.97647,0.99897,2022-09-23 08:00:00,0.97647,-0.23,catastrophic_stop_loss,-25.32,-25.0,-0.08
235,2022-09-26 01:00:00,sell,0.033333333333333326,EURUSD,0.95694,0.96444,0.94194,2022-09-26 01:00:00,0.96444,-0.23,catastrophic_stop_loss,-25.23,-25.0,0.0
236,2022-09-26 09:00:00,buy,0.033333333333333326,EURUSD,0.96849,0.96099,0.98349,2022-09-26 10:00:00,0.96468,-0.23,logic_regime_change,-12.93,-12.7,-0.0
237,2022-09-26 14:00:00,buy,0.033333333333333326,EURUSD,0.96747,0.95997,0.98247,2022-09-26 15:00:00,0.96479,-0.23,logic_regime_change,-9.17,-8.93,-0.0
238,2022-09-27 00:00:00,buy,0.033333333333333326,EURUSD,0.962,0.9545,0.977,2022-09-28 02:00:00,0.9545,-0.23,catastrophic_stop_loss,-25.32,-25.0,-0.08
239,2022-09-28 14:00:00,buy,0.033333333333333326,EURUSD,0.96047,0.95297,0.97547,2022-09-28 16:00:00,0.96796,-0.23,logic_regime_change,24.73,24.97,-0.0
240,2022-09-28 17:00:00,buy,0.033333333333333326,EURUSD,0.9702,0.9627,0.9852,2022-09-29 13:00:00,0.96882,-0.23,logic_regime_change,-4.92,-4.6,-0.08
241,2022-09-29 19:00:00,buy,0.033333333333333326,EURUSD,0.97912,0.97162,0.99412,2022-09-30 10:00:00,0.97971,-0.23,logic_regime_change,1.65,1.97,-0.08
242,2022-10-03 02:00:00,buy,0.033333333333333326,EURUSD,0.98256,0.97506,0.99756,2022-10-04 15:00:00,0.99756,-0.23,take_profit,49.68,50.0,-0.08
243,2022-10-06 01:00:00,buy,0.033333333333333326,EURUSD,0.99167,0.98417,1.00667,2022-10-06 13:00:00,0.98417,-0.23,catastrophic_stop_loss,-25.23,-25.0,-0.0
244,2022-10-07 03:00:00,buy,0.033333333333333326,EURUSD,0.98076,0.97326,0.99576,2022-10-07 12:00:00,0.97326,-0.23,catastrophic_stop_loss,-25.23,-25.0,-0.0
245,2022-10-07 15:00:00,buy,0.033333333333333326,EURUSD,0.97858,0.97108,0.99358,2022-10-10 07:00:00,0.97108,-0.23,catastrophic_stop_loss,-25.48,-25.0,-0.25
246,2022-10-10 13:00:00,buy,0.033333333333333326,EURUSD,0.97145,0.96395,0.98645,2022-10-13 12:00:00,0.96395,-0.23,catastrophic_stop_loss,-25.48,-25.0,-0.25
247,2022-10-13 15:00:00,buy,0.033333333333333326,EURUSD,0.9718,0.9643,0.9868,2022-10-13 16:00:00,0.9779,-0.23,logic_regime_change,20.1,20.33,-0.0
248,2022-10-13 19:00:00,buy,0.033333333333333326,EURUSD,0.97867,0.97117,0.99367,2022-10-14 11:00:00,0.97117,-0.23,catastrophic_stop_loss,-25.32,-25.0,-0.08
249,2022-10-17 02:00:00,buy,0.033333333333333326,EURUSD,0.97455,0.96705,0.98955,2022-10-23 22:00:00,0.98955,-0.23,take_profit,49.27,50.0,-0.5
250,2022-10-24 15:00:00,buy,0.033333333333333326,EURUSD,0.98854,0.98104,1.00354,2022-10-25 14:00:00,0.99678,-0.23,logic_regime_change,27.15,27.47,-0.08
251,2022-10-25 15:00:00,buy,0.033333333333333326,EURUSD,0.99569,0.98819,1.01069,2022-10-31 14:00:00,0.98819,-0.23,catastrophic_stop_loss,-25.73,-25.0,-0.5
252,2022-11-01 01:00:00,buy,0.033333333333333326,EURUSD,0.9885,0.981,1.0035,2022-11-02 23:00:00,0.981,-0.23,catastrophic_stop_loss,-25.32,-25.0,-0.08
253,2022-11-03 19:00:00,buy,0.033333333333333326,EURUSD,0.97538,0.96788,0.99038,2022-11-04 14:00:00,0.99038,-0.23,take_profit,49.68,50.0,-0.08
254,2022-11-07 10:00:00,buy,0.033333333333333326,EURUSD,0.99855,0.99105,1.01355,2022-11-10 03:00:00,1.0017,-0.23,logic_regime_change,10.02,10.5,-0.25
255,2022-11-10 14:00:00,buy,0.033333333333333326,EURUSD,1.01229,1.00479,1.02729,2022-11-10 20:00:00,1.01812,-0.23,logic_regime_change,19.2,19.43,-0.0
256,2022-11-14 13:00:00,sell,0.033333333333333326,EURUSD,1.03338,1.04088,1.01838,2022-11-14 15:00:00,1.03135,-0.23,logic_regime_change,6.53,6.77,0.0
257,2022-11-15 19:00:00,sell,0.033333333333333326,EURUSD,1.03092,1.03842,1.01592,2022-11-16 01:00:00,1.03442,-0.23,logic_regime_change,-11.89,-11.67,0.01
258,2023-02-28 08:00:00,sell,0.033333333333333326,EURUSD,1.05947,1.06697,1.04447,2023-03-01 11:00:00,1.06697,-0.23,catastrophic_stop_loss,-25.22,-25.0,0.01
259,2023-03-01 21:00:00,sell,0.033333333333333326,EURUSD,1.06648,1.07398,1.05148,2023-03-13 16:00:00,1.07398,-0.23,catastrophic_stop_loss,-25.11,-25.0,0.12
260,2023-03-13 21:00:00,sell,0.033333333333333326,EURUSD,1.07276,1.08026,1.05776,2023-03-15 12:00:00,1.05776,-0.23,take_profit,49.79,50.0,0.02
261,2023-03-17 13:00:00,sell,0.033333333333333326,EURUSD,1.06266,1.07016,1.04766,2023-03-20 11:00:00,1.07016,-0.23,catastrophic_stop_loss,-25.2,-25.0,0.03
262,2023-03-21 00:00:00,sell,0.033333333333333326,EURUSD,1.07191,1.07941,1.05691,2023-03-22 10:00:00,1.07941,-0.23,catastrophic_stop_loss,-25.22,-25.0,0.01
263,2023-03-22 13:00:00,sell,0.033333333333333326,EURUSD,1.07818,1.08568,1.06318,2023-03-22 18:00:00,1.08568,-0.23,catastrophic_stop_loss,-25.23,-25.0,0.0
264,2023-03-23 10:00:00,sell,0.033333333333333326,EURUSD,1.08857,1.09607,1.07357,2023-03-24 09:00:00,1.07357,-0.23,take_profit,49.78,50.0,0.01
265,2023-03-28 23:00:00,sell,0.033333333333333326,EURUSD,1.08414,1.09164,1.06914,2023-03-30 13:00:00,1.09164,-0.23,catastrophic_stop_loss,-25.21,-25.0,0.02
266,2023-03-31 00:00:00,sell,0.033333333333333326,EURUSD,1.09042,1.09792,1.07542,2023-04-07 07:00:00,1.09183,-0.23,logic_regime_change,-4.86,-4.7,0.07
267,2023-04-27 07:00:00,sell,0.033333333333333326,EURUSD,1.10558,1.11308,1.09058,2023-05-11 13:00:00,1.09058,-0.23,take_profit,49.91,50.0,0.14
268,2023-05-12 12:00:00,sell,0.033333333333333326,EURUSD,1.08923,1.09673,1.07423,2023-05-25 01:00:00,1.07423,-0.23,take_profit,49.9,50.0,0.13
269,2023-05-25 17:00:00,sell,0.033333333333333326,EURUSD,1.07129,1.07879,1.05629,2023-05-26 07:00:00,1.07292,-0.23,logic_regime_change,-5.66,-5.43,0.01
270,2023-07-14 07:00:00,sell,0.033333333333333326,EURUSD,1.12102,1.12852,1.10602,2023-07-24 23:00:00,1.10602,-0.23,take_profit,49.87,50.0,0.1
271,2023-07-25 07:00:00,buy,0.033333333333333326,EURUSD,1.10797,1.10047,1.12297,2023-07-27 13:00:00,1.10047,-0.23,catastrophic_stop_loss,-25.4,-25.0,-0.17
272,2023-07-28 06:00:00,buy,0.033333333333333326,EURUSD,1.09859,1.09109,1.11359,2023-08-03 07:00:00,1.09217,-0.23,logic_regime_change,-22.13,-21.4,-0.5
273,2023-08-03 07:00:00,sell,0.033333333333333326,EURUSD,1.09217,1.09967,1.07717,2023-08-04 12:00:00,1.09967,-0.23,catastrophic_stop_loss,-25.22,-25.0,0.01
274,2023-08-07 00:00:00,sell,0.033333333333333326,EURUSD,1.10028,1.10778,1.08528,2023-08-18 12:00:00,1.08528,-0.23,take_profit,49.88,50.0,0.11
275,2023-08-21 22:00:00,sell,0.033333333333333326,EURUSD,1.08956,1.09706,1.07456,2023-09-05 08:00:00,1.07456,-0.23,take_profit,49.92,50.0,0.15
276,2023-09-06 16:00:00,sell,0.033333333333333326,EURUSD,1.07128,1.07878,1.05628,2023-09-12 07:00:00,1.07326,-0.23,logic_regime_change,-6.77,-6.6,0.06
277,2023-10-03 07:00:00,buy,0.033333333333333326,EURUSD,1.04731,1.03981,1.06231,2023-10-11 07:00:00,1.06103,-0.23,logic_regime_change,44.83,45.73,-0.67
278,2023-10-11 07:00:00,sell,0.033333333333333326,EURUSD,1.06103,1.06853,1.04603,2023-10-20 07:00:00,1.05741,-0.23,logic_regime_change,11.92,12.07,0.09
279,2023-10-20 12:00:00,buy,0.033333333333333326,EURUSD,1.05912,1.05162,1.07412,2023-10-31 07:00:00,1.06082,-0.23,logic_regime_change,4.52,5.67,-0.92
280,2023-11-03 13:00:00,buy,0.033333333333333326,EURUSD,1.07094,1.06344,1.08594,2023-11-03 14:00:00,1.0721,-0.23,logic_regime_change,3.63,3.87,-0.0
281,2023-11-14 14:00:00,buy,0.033333333333333326,EURUSD,1.07891,1.07141,1.09391,2023-11-14 20:00:00,1.08814,-0.23,logic_regime_change,30.53,30.77,-0.0
282,2023-11-16 14:00:00,buy,0.033333333333333326,EURUSD,1.08811,1.08061,1.10311,2023-11-16 15:00:00,1.08766,-0.23,logic_regime_change,-1.73,-1.5,-0.0
283,2023-11-16 17:00:00,buy,0.033333333333333326,EURUSD,1.08499,1.07749,1.09999,2023-11-16 20:00:00,1.08557,-0.23,logic_regime_change,1.7,1.93,-0.0
284,2023-11-20 09:00:00,sell,0.033333333333333326,EURUSD,1.09194,1.09944,1.07694,2023-11-28 15:00:00,1.09944,-0.23,catastrophic_stop_loss,-25.15,-25.0,0.08
285,2023-11-29 07:00:00,sell,0.033333333333333326,EURUSD,1.10003,1.10753,1.08503,2023-11-29 08:00:00,1.09794,-0.23,logic_regime_change,6.73,6.97,0.0
286,2023-12-11 00:00:00,buy,0.033333333333333326,EURUSD,1.07655,1.06905,1.09155,2023-12-14 11:00:00,1.09155,-0.23,take_profit,49.52,50.0,-0.25
287,2023-12-18 05:00:00,buy,0.033333333333333326,EURUSD,1.09131,1.08381,1.10631,2023-12-27 12:00:00,1.10631,-0.23,take_profit,49.02,50.0,-0.75
288,2023-12-29 12:00:00,buy,0.033333333333333326,EURUSD,1.10767,1.10017,1.12267,2024-01-02 10:00:00,1.10017,-0.23,catastrophic_stop_loss,-25.57,-25.0,-0.33
289,2024-01-03 01:00:00,buy,0.033333333333333326,EURUSD,1.09494,1.08744,1.10994,2024-01-10 08:00:00,1.09263,-0.23,logic_regime_change,-8.52,-7.7,-0.58
290,2024-01-22 09:00:00,sell,0.033333333333333326,EURUSD,1.08917,1.09667,1.07417,2024-01-30 08:00:00,1.08246,-0.23,logic_regime_change,22.21,22.37,0.08
291,2024-01-30 15:00:00,buy,0.033333333333333326,EURUSD,1.08506,1.07756,1.10006,2024-01-30 21:00:00,1.0845,-0.23,logic_regime_change,-2.1,-1.87,-0.0
292,2024-01-31 14:00:00,buy,0.033333333333333326,EURUSD,1.08575,1.07825,1.10075,2024-02-01 03:00:00,1.08193,-0.23,logic_regime_change,-13.05,-12.73,-0.08
293,2024-02-01 17:00:00,buy,0.033333333333333326,EURUSD,1.08647,1.07897,1.10147,2024-02-01 23:00:00,1.08724,-0.23,logic_regime_change,2.33,2.57,-0.0
294,2024-02-05 19:00:00,buy,0.033333333333333326,EURUSD,1.07441,1.06691,1.08941,2024-02-05 20:00:00,1.07429,-0.23,logic_regime_change,-0.63,-0.4,-0.0
295,2024-02-06 15:00:00,buy,0.033333333333333326,EURUSD,1.07406,1.06656,1.08906,2024-02-06 16:00:00,1.07434,-0.23,logic_regime_change,0.7,0.93,-0.0
296,2024-02-08 09:00:00,sell,0.033333333333333326,EURUSD,1.07774,1.08524,1.06274,2024-02-19 08:00:00,1.07828,-0.23,logic_regime_change,-1.92,-1.8,0.11
297,2024-02-28 15:00:00,buy,0.033333333333333326,EURUSD,1.08299,1.07549,1.09799,2024-03-08 08:00:00,1.09336,-0.23,logic_regime_change,33.58,34.57,-0.75
298,2024-03-19 07:00:00,sell,0.033333333333333326,EURUSD,1.08675,1.09425,1.07175,2024-04-10 13:00:00,1.07808,-0.23,logic_regime_change,28.89,28.9,0.22
299,2024-04-10 17:00:00,sell,0.033333333333333326,EURUSD,1.07361,1.08111,1.05861,2024-04-10 18:00:00,1.075,-0.23,logic_regime_change,-4.87,-4.63,0.0
300,2024-04-10 19:00:00,sell,0.033333333333333326,EURUSD,1.07361,1.08111,1.05861,2024-04-17 08:00:00,1.06252,-0.23,logic_regime_change,36.8,36.97,0.07
301,2024-04-17 13:00:00,buy,0.033333333333333326,EURUSD,1.06346,1.05596,1.07846,2024-04-17 18:00:00,1.06683,-0.23,logic_regime_change,11.0,11.23,-0.0
302,2024-04-17 21:00:00,buy,0.033333333333333326,EURUSD,1.06709,1.05959,1.08209,2024-04-18 13:00:00,1.06628,-0.23,logic_regime_change,-3.02,-2.7,-0.08
303,2024-04-19 19:00:00,buy,0.033333333333333326,EURUSD,1.06506,1.05756,1.08006,2024-04-22 02:00:00,1.06681,-0.23,logic_regime_change,5.35,5.83,-0.25
304,2024-04-22 03:00:00,buy,0.033333333333333326,EURUSD,1.0664,1.0589,1.0814,2024-04-22 15:00:00,1.06449,-0.23,logic_regime_change,-6.6,-6.37,-0.0
305,2024-04-22 19:00:00,buy,0.033333333333333326,EURUSD,1.06585,1.05835,1.08085,2024-04-23 08:00:00,1.06797,-0.23,logic_regime_change,6.75,7.07,-0.08
306,2024-04-23 20:00:00,buy,0.033333333333333326,EURUSD,1.07028,1.06278,1.08528,2024-04-25 13:00:00,1.06925,-0.23,logic_regime_change,-3.83,-3.43,-0.17
307,2024-04-25 19:00:00,buy,0.033333333333333326,EURUSD,1.07275,1.06525,1.08775,2024-04-26 08:00:00,1.07294,-0.23,logic_regime_change,0.32,0.63,-0.08
308,2024-04-26 08:00:00,sell,0.033333333333333326,EURUSD,1.07294,1.08044,1.05794,2024-05-03 12:00:00,1.08044,-0.23,catastrophic_stop_loss,-25.16,-25.0,0.07
309,2024-05-05 21:00:00,sell,0.033333333333333326,EURUSD,1.07609,1.08359,1.06109,2024-05-07 08:00:00,1.07643,-0.23,logic_regime_change,-1.35,-1.13,0.02
310,2024-05-16 08:00:00,sell,0.033333333333333326,EURUSD,1.08744,1.09494,1.07244,2024-06-07 13:00:00,1.08332,-0.23,logic_regime_change,13.72,13.73,0.22
311,2024-06-07 18:00:00,sell,0.033333333333333326,EURUSD,1.08051,1.08801,1.06551,2024-06-12 13:00:00,1.08266,-0.23,logic_regime_change,-7.35,-7.17,0.05
312,2024-06-12 23:00:00,sell,0.033333333333333326,EURUSD,1.08109,1.08859,1.06609,2024-06-14 08:00:00,1.07075,-0.23,logic_regime_change,34.25,34.47,0.02
313,2024-06-25 08:00:00,sell,0.033333333333333326,EURUSD,1.07268,1.08018,1.05768,2024-07-03 14:00:00,1.08018,-0.23,catastrophic_stop_loss,-25.15,-25.0,0.08
314,2024-07-04 00:00:00,sell,0.033333333333333326,EURUSD,1.07911,1.08661,1.06411,2024-07-11 12:00:00,1.08661,-0.23,catastrophic_stop_loss,-25.16,-25.0,0.07
315,2024-07-11 21:00:00,sell,0.033333333333333326,EURUSD,1.08658,1.09408,1.07158,2024-07-17 08:00:00,1.09408,-0.23,catastrophic_stop_loss,-25.17,-25.0,0.06
316,2024-07-17 22:00:00,sell,0.033333333333333326,EURUSD,1.0938,1.1013,1.0788,2024-07-24 08:00:00,1.08293,-0.23,logic_regime_change,36.07,36.23,0.07
317,2024-08-13 08:00:00,sell,0.033333333333333326,EURUSD,1.093,1.1005,1.078,2024-08-14 07:00:00,1.1005,-0.23,catastrophic_stop_loss,-25.22,-25.0,0.01
318,2024-08-14 17:00:00,sell,0.033333333333333326,EURUSD,1.10183,1.10933,1.08683,2024-08-20 12:00:00,1.10933,-0.23,catastrophic_stop_loss,-25.17,-25.0,0.06
319,2024-08-21 02:00:00,sell,0.033333333333333326,EURUSD,1.11215,1.11965,1.09715,2024-08-22 08:00:00,1.11366,-0.23,logic_regime_change,-5.26,-5.03,0.01
320,2024-08-23 02:00:00,buy,0.033333333333333326,EURUSD,1.11276,1.10526,1.12776,2024-08-23 15:00:00,1.11749,-0.23,logic_regime_change,15.53,15.77,-0.0
321,2024-08-25 21:00:00,buy,0.033333333333333326,EURUSD,1.11832,1.11082,1.13332,2024-08-28 12:00:00,1.11082,-0.23,catastrophic_stop_loss,-25.48,-25.0,-0.25
322,2024-08-28 23:00:00,buy,0.033333333333333326,EURUSD,1.11241,1.10491,1.12741,2024-08-29 09:00:00,1.10849,-0.23,logic_regime_change,-13.38,-13.07,-0.08
323,2024-08-29 09:00:00,sell,0.033333333333333326,EURUSD,1.10849,1.11599,1.09349,2024-08-29 10:00:00,1.1094,-0.23,logic_regime_change,-3.27,-3.03,0.0
324,2024-08-29 23:00:00,buy,0.033333333333333326,EURUSD,1.10801,1.10051,1.12301,2024-09-06 14:00:00,1.10836,-0.23,logic_regime_change,0.27,1.17,-0.67
325,2024-09-09 22:00:00,buy,0.033333333333333326,EURUSD,1.10371,1.09621,1.11871,2024-09-11 08:00:00,1.10413,-0.23,logic_regime_change,1.0,1.4,-0.17
326,2024-09-23 08:00:00,sell,0.033333333333333326,EURUSD,1.1101,1.1176,1.0951,2024-09-23 09:00:00,1.10925,-0.23,logic_regime_change,2.6,2.83,0.0
327,2024-10-04 13:00:00,sell,0.033333333333333326,EURUSD,1.09607,1.10357,1.08107,2024-10-04 19:00:00,1.09728,-0.23,logic_regime_change,-4.27,-4.03,0.0
328,2024-10-30 08:00:00,buy,0.033333333333333326,EURUSD,1.08191,1.07441,1.09691,2024-11-03 23:00:00,1.0881,-0.23,logic_regime_change,20.07,20.63,-0.33
329,2024-11-04 00:00:00,buy,0.033333333333333326,EURUSD,1.08728,1.07978,1.10228,2024-11-06 01:00:00,1.08374,-0.23,logic_regime_change,-12.2,-11.8,-0.17
330,2024-11-06 01:00:00,sell,0.033333333333333326,EURUSD,1.08374,1.09124,1.06874,2024-11-06 07:00:00,1.07266,-0.23,logic_regime_change,36.7,36.93,0.0
331,2024-11-06 18:00:00,buy,0.033333333333333326,EURUSD,1.07276,1.06526,1.08776,2024-11-08 09:00:00,1.07786,-0.23,logic_regime_change,16.6,17.0,-0.17
332,2024-11-19 09:00:00,sell,0.033333333333333326,EURUSD,1.05717,1.06467,1.04217,2024-11-22 09:00:00,1.04217,-0.23,take_profit,49.8,50.0,0.03
333,2024-11-22 10:00:00,sell,0.033333333333333326,EURUSD,1.04021,1.04771,1.02521,2024-11-24 22:00:00,1.04786,-0.23,catastrophic_stop_loss,-25.71,-25.5,0.02
334,2024-11-25 23:00:00,sell,0.033333333333333326,EURUSD,1.04953,1.05703,1.03453,2024-11-27 13:00:00,1.05703,-0.23,catastrophic_stop_loss,-25.21,-25.0,0.02
335,2024-11-28 01:00:00,sell,0.033333333333333326,EURUSD,1.05518,1.06268,1.04018,2024-12-06 13:00:00,1.06268,-0.23,catastrophic_stop_loss,-25.15,-25.0,0.08
336,2024-12-12 16:00:00,sell,0.033333333333333326,EURUSD,1.04727,1.05477,1.03227,2024-12-12 22:00:00,1.04655,-0.23,logic_regime_change,2.17,2.4,0.0
337,2024-12-18 20:00:00,sell,0.033333333333333326,EURUSD,1.03774,1.04524,1.02274,2024-12-19 02:00:00,1.03784,-0.23,logic_regime_change,-0.56,-0.33,0.01
338,2024-12-30 11:00:00,buy,0.033333333333333326,EURUSD,1.04383,1.03633,1.05883,2024-12-30 14:00:00,1.03883,-0.23,logic_regime_change,-16.9,-16.67,-0.0
339,2024-12-31 02:00:00,buy,0.033333333333333326,EURUSD,1.0412,1.0337,1.0562,2025-01-02 10:00:00,1.0337,-0.23,catastrophic_stop_loss,-25.4,-25.0,-0.17
340,2025-01-03 02:00:00,buy,0.033333333333333326,EURUSD,1.02674,1.01924,1.04174,2025-01-06 11:00:00,1.04174,-0.23,take_profit,49.52,50.0,-0.25
341,2025-01-06 18:00:00,buy,0.033333333333333326,EURUSD,1.03875,1.03125,1.05375,2025-01-08 10:00:00,1.03125,-0.23,catastrophic_stop_loss,-25.4,-25.0,-0.17
342,2025-01-08 19:00:00,buy,0.033333333333333326,EURUSD,1.03127,1.02377,1.04627,2025-01-10 13:00:00,1.02377,-0.23,catastrophic_stop_loss,-25.4,-25.0,-0.17
343,2025-01-13 15:00:00,buy,0.033333333333333326,EURUSD,1.02084,1.01334,1.03584,2025-01-15 14:00:00,1.03448,-0.23,logic_regime_change,45.07,45.47,-0.17
344,2025-01-15 15:00:00,buy,0.033333333333333326,EURUSD,1.03272,1.02522,1.04772,2025-01-15 16:00:00,1.0306,-0.23,logic_regime_change,-7.3,-7.07,-0.0
345,2025-01-16 17:00:00,buy,0.033333333333333326,EURUSD,1.03024,1.02274,1.04524,2025-01-20 13:00:00,1.03197,-0.23,logic_regime_change,5.2,5.77,-0.33
346,2025-02-02 23:00:00,sell,0.033333333333333326,EURUSD,1.02508,1.03258,1.01008,2025-02-03 05:00:00,1.02269,-0.23,logic_regime_change,7.74,7.97,0.01
347,2025-02-19 00:00:00,buy,0.033333333333333326,EURUSD,1.04481,1.03731,1.05981,2025-02-27 13:00:00,1.04764,-0.23,logic_regime_change,8.53,9.43,-0.67
348,2025-03-10 12:00:00,sell,0.033333333333333326,EURUSD,1.08508,1.09258,1.07008,2025-03-10 16:00:00,1.08369,-0.23,logic_regime_change,4.4,4.63,0.0
349,2025-03-11 01:00:00,buy,0.033333333333333326,EURUSD,1.08516,1.07766,1.10016,2025-03-11 08:00:00,1.08902,-0.23,logic_regime_change,12.63,12.87,-0.0
350,2025-03-11 14:00:00,buy,0.033333333333333326,EURUSD,1.09204,1.08454,1.10704,2025-03-12 15:00:00,1.09132,-0.23,logic_regime_change,-2.72,-2.4,-0.08
351,2025-03-12 15:00:00,sell,0.033333333333333326,EURUSD,1.09132,1.09882,1.07632,2025-03-12 21:00:00,1.08869,-0.23,logic_regime_change,8.53,8.77,0.0
352,2025-03-13 18:00:00,sell,0.033333333333333326,EURUSD,1.08547,1.09297,1.07047,2025-03-13 19:00:00,1.08537,-0.23,logic_regime_change,0.1,0.33,0.0
353,2025-03-14 00:00:00,buy,0.033333333333333326,EURUSD,1.08549,1.07799,1.10049,2025-03-14 11:00:00,1.08948,-0.23,logic_regime_change,13.07,13.3,-0.0
354,2025-03-14 13:00:00,buy,0.033333333333333326,EURUSD,1.08947,1.08197,1.10447,2025-03-14 14:00:00,1.08743,-0.23,logic_regime_change,-7.03,-6.8,-0.0
355,2025-03-14 17:00:00,buy,0.033333333333333326,EURUSD,1.08831,1.08081,1.10331,2025-03-19 12:00:00,1.09086,-0.23,logic_regime_change,7.85,8.5,-0.42
356,2025-03-28 14:00:00,buy,0.033333333333333326,EURUSD,1.08101,1.07351,1.09601,2025-04-03 00:00:00,1.0904,-0.23,logic_regime_change,30.57,31.3,-0.5
357,2025-04-03 01:00:00,buy,0.033333333333333326,EURUSD,1.08905,1.08155,1.10405,2025-04-03 09:00:00,1.10405,-0.23,take_profit,49.77,50.0,-0.0
358,2025-04-07 05:00:00,buy,0.033333333333333326,EURUSD,1.09851,1.09101,1.11351,2025-04-07 15:00:00,1.09101,-0.23,catastrophic_stop_loss,-25.23,-25.0,-0.0
359,2025-04-08 01:00:00,buy,0.033333333333333326,EURUSD,1.09398,1.08648,1.10898,2025-04-09 06:00:00,1.10898,-0.23,take_profit,49.68,50.0,-0.08
360,2025-04-09 09:00:00,buy,0.033333333333333326,EURUSD,1.10273,1.09523,1.11773,2025-04-09 17:00:00,1.09523,-0.23,catastrophic_stop_loss,-25.23,-25.0,-0.0
361,2025-04-10 07:00:00,buy,0.033333333333333326,EURUSD,1.0983,1.0908,1.1133,2025-04-10 13:00:00,1.1133,-0.23,take_profit,49.77,50.0,-0.0
362,2025-04-11 15:00:00,sell,0.033333333333333326,EURUSD,1.13402,1.14152,1.11902,2025-04-11 17:00:00,1.13052,-0.23,logic_regime_change,11.43,11.67,0.0
363,2025-04-16 01:00:00,buy,0.033333333333333326,EURUSD,1.13171,1.12421,1.14671,2025-04-17 12:00:00,1.13564,-0.23,logic_regime_change,12.78,13.1,-0.08
364,2025-04-17 12:00:00,sell,0.033333333333333326,EURUSD,1.13564,1.14314,1.12064,2025-04-20 22:00:00,1.14314,-0.23,catastrophic_stop_loss,-25.2,-25.0,0.03
365,2025-04-21 14:00:00,sell,0.033333333333333326,EURUSD,1.15189,1.15939,1.13689,2025-04-22 21:00:00,1.13689,-0.23,take_profit,49.78,50.0,0.01
366,2025-04-23 15:00:00,sell,0.033333333333333326,EURUSD,1.13533,1.14283,1.12033,2025-05-02 14:00:00,1.13723,-0.23,logic_regime_change,-6.48,-6.33,0.09
367,2025-05-02 14:00:00,buy,0.033333333333333326,EURUSD,1.13723,1.12973,1.15223,2025-05-02 15:00:00,1.13688,-0.23,logic_regime_change,-1.4,-1.17,-0.0
368,2025-05-02 16:00:00,buy,0.033333333333333326,EURUSD,1.13294,1.12544,1.14794,2025-05-02 19:00:00,1.12998,-0.23,logic_regime_change,-10.1,-9.87,-0.0
369,2025-05-02 19:00:00,sell,0.033333333333333326,EURUSD,1.12998,1.13748,1.11498,2025-05-06 19:00:00,1.13748,-0.23,catastrophic_stop_loss,-25.19,-25.0,0.04
370,2025-05-07 00:00:00,sell,0.033333333333333326,EURUSD,1.13399,1.14149,1.11899,2025-05-11 21:00:00,1.11899,-0.23,take_profit,49.81,50.0,0.04
371,2025-05-11 22:00:00,sell,0.033333333333333326,EURUSD,1.12118,1.12868,1.10618,2025-05-12 08:00:00,1.11049,-0.23,logic_regime_change,35.41,35.63,0.01
372,2025-05-12 09:00:00,sell,0.033333333333333326,EURUSD,1.1137,1.1212,1.0987,2025-05-12 12:00:00,1.1111,-0.23,logic_regime_change,8.43,8.67,0.0
373,2025-05-12 14:00:00,sell,0.033333333333333326,EURUSD,1.11187,1.11937,1.09687,2025-05-13 20:00:00,1.11937,-0.23,catastrophic_stop_loss,-25.22,-25.0,0.01
374,2025-05-14 07:00:00,sell,0.033333333333333326,EURUSD,1.11878,1.12628,1.10378,2025-05-14 09:00:00,1.12628,-0.23,catastrophic_stop_loss,-25.23,-25.0,0.0
375,2025-05-14 15:00:00,sell,0.033333333333333326,EURUSD,1.12118,1.12868,1.10618,2025-05-16 13:00:00,1.11971,-0.23,logic_regime_change,4.69,4.9,0.02
376,2025-05-18 23:00:00,buy,0.033333333333333326,EURUSD,1.11903,1.11153,1.13403,2025-05-21 06:00:00,1.13403,-0.23,take_profit,49.52,50.0,-0.25
377,2025-05-23 01:00:00,buy,0.033333333333333326,EURUSD,1.12969,1.12219,1.14469,2025-05-28 23:00:00,1.12219,-0.23,catastrophic_stop_loss,-25.65,-25.0,-0.42
378,2025-05-29 08:00:00,buy,0.033333333333333326,EURUSD,1.12755,1.12005,1.14255,2025-05-29 13:00:00,1.13493,-0.23,logic_regime_change,24.37,24.6,-0.0
379,2025-05-29 14:00:00,buy,0.033333333333333326,EURUSD,1.13514,1.12764,1.15014,2025-06-05 13:00:00,1.14296,-0.23,logic_regime_change,25.25,26.07,-0.58
380,2025-06-13 01:00:00,sell,0.033333333333333326,EURUSD,1.1559,1.1634,1.1409,2025-06-13 02:00:00,1.15486,-0.23,logic_regime_change,3.23,3.47,0.0
381,2025-06-16 13:00:00,buy,0.033333333333333326,EURUSD,1.15847,1.15097,1.17347,2025-06-17 16:00:00,1.15097,-0.23,catastrophic_stop_loss,-25.32,-25.0,-0.08
382,2025-06-18 04:00:00,buy,0.033333333333333326,EURUSD,1.14999,1.14249,1.16499,2025-06-25 18:00:00,1.16499,-0.23,take_profit,49.18,50.0,-0.58
383,2025-06-27 13:00:00,buy,0.033333333333333326,EURUSD,1.1747,1.1672,1.1897,2025-07-10 14:00:00,1.1672,-0.23,catastrophic_stop_loss,-26.32,-25.0,-1.08
384,2025-07-11 00:00:00,buy,0.033333333333333326,EURUSD,1.17018,1.16268,1.18518,2025-07-15 13:00:00,1.16778,-0.23,logic_regime_change,-8.57,-8.0,-0.33
385,2025-07-15 14:00:00,sell,0.033333333333333326,EURUSD,1.16432,1.17182,1.14932,2025-07-16 15:00:00,1.17182,-0.23,catastrophic_stop_loss,-25.22,-25.0,0.01
386,2025-07-17 06:00:00,sell,0.033333333333333326,EURUSD,1.16171,1.16921,1.14671,2025-07-21 14:00:00,1.16921,-0.23,catastrophic_stop_loss,-25.19,-25.0,0.04
387,2025-07-22 01:00:00,sell,0.033333333333333326,EURUSD,1.16884,1.17634,1.15384,2025-07-23 17:00:00,1.17634,-0.23,catastrophic_stop_loss,-25.22,-25.0,0.01
388,2025-07-24 06:00:00,sell,0.033333333333333326,EURUSD,1.17707,1.18457,1.16207,2025-07-28 15:00:00,1.16207,-0.23,take_profit,49.81,50.0,0.04
389,2025-07-29 07:00:00,sell,0.033333333333333326,EURUSD,1.15342,1.16092,1.13842,2025-07-29 12:00:00,1.15404,-0.23,logic_regime_change,-2.3,-2.07,0.0
390,2025-07-29 15:00:00,sell,0.033333333333333326,EURUSD,1.1523,1.1598,1.1373,2025-07-30 13:00:00,1.1473,-0.23,logic_regime_change,16.44,16.67,0.01
391,2025-07-30 14:00:00,sell,0.033333333333333326,EURUSD,1.14692,1.15442,1.13192,2025-07-30 19:00:00,1.14246,-0.23,logic_regime_change,14.63,14.87,0.0
392,2025-07-30 20:00:00,sell,0.033333333333333326,EURUSD,1.14242,1.14992,1.12742,2025-08-01 12:00:00,1.14992,-0.23,catastrophic_stop_loss,-25.21,-25.0,0.02
393,2025-08-01 13:00:00,buy,0.033333333333333326,EURUSD,1.15455,1.14705,1.16955,2025-08-01 19:00:00,1.15261,-0.23,logic_regime_change,-6.7,-6.47,-0.0
394,2025-08-04 05:00:00,sell,0.033333333333333326,EURUSD,1.15748,1.16498,1.14248,2025-08-06 17:00:00,1.16498,-0.23,catastrophic_stop_loss,-25.21,-25.0,0.02
395,2025-08-07 03:00:00,sell,0.033333333333333326,EURUSD,1.16576,1.17326,1.15076,2025-08-22 13:00:00,1.16087,-0.23,logic_regime_change,16.22,16.3,0.15
396,2025-08-22 16:00:00,buy,0.033333333333333326,EURUSD,1.17122,1.16372,1.18622,2025-08-24 21:00:00,1.1721,-0.23,logic_regime_change,2.53,2.93,-0.17
397,2025-09-02 13:00:00,sell,0.033333333333333326,EURUSD,1.16173,1.16923,1.14673,2025-09-05 09:00:00,1.16923,-0.23,catastrophic_stop_loss,-25.2,-25.0,0.03
398,2025-09-07 22:00:00,sell,0.033333333333333326,EURUSD,1.17166,1.17916,1.15666,2025-09-11 13:00:00,1.17156,-0.23,logic_regime_change,0.14,0.33,0.04
399,2025-09-23 06:00:00,sell,0.033333333333333326,EURUSD,1.17985,1.18735,1.16485,2025-09-25 18:00:00,1.16485,-0.23,take_profit,49.79,50.0,0.02
400,2025-09-29 17:00:00,sell,0.033333333333333326,EURUSD,1.17293,1.18043,1.15793,2025-10-01 13:00:00,1.17491,-0.23,logic_regime_change,-6.81,-6.6,0.02
401,2025-10-10 13:00:00,buy,0.033333333333333326,EURUSD,1.15719,1.14969,1.17219,2025-10-17 05:00:00,1.17219,-0.23,take_profit,49.18,50.0,-0.58
402,2025-10-20 05:00:00,buy,0.033333333333333326,EURUSD,1.16716,1.15966,1.18216,2025-10-22 08:00:00,1.15966,-0.23,catastrophic_stop_loss,-25.4,-25.0,-0.17
403,2025-10-22 15:00:00,buy,0.033333333333333326,EURUSD,1.16112,1.15362,1.17612,2025-10-30 13:00:00,1.15546,-0.23,logic_regime_change,-19.77,-18.87,-0.67
404,2025-11-28 16:00:00,buy,0.033333333333333326,EURUSD,1.16071,1.15321,1.17571,2025-12-11 15:00:00,1.17571,-0.23,take_profit,48.68,50.0,-1.08
405,2025-12-15 12:00:00,buy,0.033333333333333326,EURUSD,1.17487,1.16737,1.18987,2025-12-16 16:00:00,1.17701,-0.23,logic_regime_change,6.82,7.13,-0.08
406,2025-12-16 17:00:00,buy,0.033333333333333326,EURUSD,1.17692,1.16942,1.19192,2025-12-16 18:00:00,1.17639,-0.23,logic_regime_change,-2.0,-1.77,-0.0
407,2025-12-17 15:00:00,buy,0.033333333333333326,EURUSD,1.17412,1.16662,1.18912,2025-12-30 16:00:00,1.17597,-0.23,logic_regime_change,4.85,6.17,-1.08
408,2026-02-09 18:00:00,buy,0.033333333333333326,EURUSD,1.19085,1.18335,1.20585,2026-02-11 13:00:00,1.18335,-0.23,catastrophic_stop_loss,-25.4,-25.0,-0.17
409,2026-02-12 03:00:00,buy,0.033333333333333326,EURUSD,1.18788,1.18038,1.20288,2026-02-18 17:00:00,1.18038,-0.23,catastrophic_stop_loss,-25.73,-25.0,-0.5
410,2026-02-19 05:00:00,buy,0.033333333333333326,EURUSD,1.17893,1.17143,1.19393,2026-02-27 18:00:00,1.18167,-0.23,logic_regime_change,8.23,9.13,-0.67
411,2026-03-01 23:00:00,sell,0.033333333333333326,EURUSD,1.1775,1.185,1.1625,2026-03-03 08:00:00,1.1625,-0.23,take_profit,49.79,50.0,0.02
412,2026-03-05 04:00:00,sell,0.033333333333333326,EURUSD,1.16131,1.16881,1.14631,2026-03-10 17:00:00,1.16516,-0.23,logic_regime_change,-13.02,-12.83,0.05
413,2026-03-12 08:00:00,buy,0.033333333333333326,EURUSD,1.15511,1.14761,1.17011,2026-03-13 07:00:00,1.14761,-0.23,catastrophic_stop_loss,-25.32,-25.0,-0.08
414,2026-03-16 00:00:00,buy,0.033333333333333326,EURUSD,1.14356,1.13606,1.15856,2026-03-19 17:00:00,1.15361,-0.23,logic_regime_change,33.02,33.5,-0.25
415,2026-04-17 17:00:00,buy,0.033333333333333326,EURUSD,1.17987,1.17237,1.19487,2026-04-17 19:00:00,1.17798,-0.23,logic_regime_change,-6.53,-6.3,-0.0
416,2026-04-17 19:00:00,sell,0.033333333333333326,EURUSD,1.17798,1.18548,1.16298,2026-04-28 17:00:00,1.17105,-0.23,logic_regime_change,22.98,23.1,0.11
417,2026-04-28 17:00:00,buy,0.033333333333333326,EURUSD,1.17105,1.16355,1.18605,2026-05-07 17:00:00,1.17611,-0.23,logic_regime_change,15.88,16.87,-0.75
418,2026-05-07 17:00:00,sell,0.033333333333333326,EURUSD,1.17611,1.18361,1.16111,2026-05-18 00:00:00,1.16111,-0.23,take_profit,49.88,50.0,0.11
419,2026-05-19 03:00:00,sell,0.033333333333333326,EURUSD,1.16431,1.17181,1.14931,2026-05-27 17:00:00,1.16324,-0.23,logic_regime_change,3.41,3.57,0.08
420,2026-06-08 04:00:00,buy,0.033333333333333326,EURUSD,1.15322,1.14572,1.16822,2026-06-16 17:00:00,1.16131,-0.23,logic_regime_change,26.07,26.97,-0.67
